model,eval_type,n_subjects_total,n_subjects_test,n_nan_test,mean_test_score,median_test_score,sem_test_score,std_test_score,mean_train_score,median_selected_layer_index,median_selected_layer_fraction,model_class,train_type,train_data,model_source,task_cluster,comparison_group
ResNet50/BarlowTwins/BS2048_selfsupervised,crsa,5,5,0,0.26599332094192507,0.27101200819015503,0.026124254668740386,0.05841560930081975,0.2569349378347397,9.0,0.75,,,,,,
ResNet50/BarlowTwins/BS2048_selfsupervised,srpr,5,5,0,0.4201851936521777,0.4185695264255212,0.0051282113758344995,0.011467029239353664,0.42088617889458463,9.0,0.75,,,,,,
ResNet50/BarlowTwins/BS2048_selfsupervised,wrsa,5,5,0,0.5206887662410736,0.5227179527282715,0.02591898215592705,0.057956606008256945,0.35373942255973817,9.0,0.75,,,,,,
ResNet50/ClusterFit/16K/RotNet_selfsupervised,crsa,5,5,0,0.1907536953687668,0.19542177021503448,0.012563489415646552,0.028092816367984802,0.19024283289909363,12.0,1.0,Convolutional,selfsupervised,imagenet,vissl,Self-Supervised,task_vissl
ResNet50/ClusterFit/16K/RotNet_selfsupervised,srpr,5,5,0,0.4041020683479499,0.4045549967840107,0.005550934358940018,0.012412266565229096,0.4052152166805184,5.0,0.4166666666666667,Convolutional,selfsupervised,imagenet,vissl,Self-Supervised,task_vissl
ResNet50/ClusterFit/16K/RotNet_selfsupervised,wrsa,5,5,0,0.45572165846824647,0.4483969509601593,0.02370309646604435,0.053001734975310195,0.3282688736915588,5.0,0.4166666666666667,Convolutional,selfsupervised,imagenet,vissl,Self-Supervised,task_vissl
ResNet50/DeepClusterV2/2x224+6x96_selfsupervised,crsa,5,5,0,0.2965803235769272,0.3260484039783478,0.020982271314812017,0.04691778498226356,0.3034923136234283,5.0,0.4166666666666667,Convolutional,selfsupervised,imagenet,vissl,Self-Supervised,task_vissl
ResNet50/DeepClusterV2/2x224+6x96_selfsupervised,srpr,5,5,0,0.4185477499564965,0.4177809148971133,0.00573614012171893,0.012826399240627446,0.41895549266460613,9.0,0.75,Convolutional,selfsupervised,imagenet,vissl,Self-Supervised,task_vissl
ResNet50/DeepClusterV2/2x224+6x96_selfsupervised,wrsa,5,5,0,0.49113876819610597,0.4795074462890625,0.02541218387211772,0.05682337059477905,0.3519269645214081,9.0,0.75,Convolutional,selfsupervised,imagenet,vissl,Self-Supervised,task_vissl
ResNet50/JigSaw/Goyal19_selfsupervised,crsa,5,5,0,0.16547825038433076,0.15976999700069427,0.00966006121727611,0.021600553548638747,0.17688346803188323,3.0,0.25,,,,,,
ResNet50/JigSaw/Goyal19_selfsupervised,srpr,5,5,0,0.36840273650128336,0.3700972545483197,0.006300573540563938,0.014088510733937503,0.3685703696906608,3.0,0.25,,,,,,
ResNet50/JigSaw/Goyal19_selfsupervised,wrsa,5,5,0,0.4386660814285278,0.4189547896385193,0.019736626133429656,0.044132437680847555,0.3019552767276764,3.0,0.25,,,,,,
ResNet50/JigSaw/P100_selfsupervised,crsa,5,5,0,0.18138296902179718,0.1929926872253418,0.011961873012004779,0.02674756119306285,0.19899900257587433,11.0,0.9166666666666666,Convolutional,selfsupervised,imagenet,vissl,Self-Supervised,task_vissl
ResNet50/JigSaw/P100_selfsupervised,srpr,5,5,0,0.36703277906174286,0.36989429122516826,0.005972171822895082,0.013354182169302242,0.3709864603566964,11.0,0.9166666666666666,Convolutional,selfsupervised,imagenet,vissl,Self-Supervised,task_vissl
ResNet50/JigSaw/P100_selfsupervised,wrsa,5,5,0,0.43844693899154663,0.43363523483276367,0.012580225219805386,0.02813023876374208,0.29795596599578855,0.0,0.0,Convolutional,selfsupervised,imagenet,vissl,Self-Supervised,task_vissl
ResNet50/MoCoV2/BS256_selfsupervised,crsa,5,5,0,0.22306110262870787,0.23381684720516205,0.01546519762908724,0.03458123318410765,0.22279456853866578,9.0,0.75,,,,,,
ResNet50/MoCoV2/BS256_selfsupervised,srpr,5,5,0,0.41300243493169414,0.41646981214512324,0.005420849597965134,0.012121388196852446,0.41504086293148107,9.0,0.75,,,,,,
ResNet50/MoCoV2/BS256_selfsupervised,wrsa,5,5,0,0.47228228449821474,0.43872326612472534,0.022076073261483517,0.049363600488942644,0.34853109121322634,12.0,1.0,,,,,,
ResNet50/PIRL_selfsupervised,crsa,5,5,0,0.2591837704181671,0.2653396725654602,0.01818132701002547,0.040654683115569946,0.27184517979621886,12.0,1.0,,,,,,
ResNet50/PIRL_selfsupervised,srpr,5,5,0,0.4093262640063916,0.40719762941811594,0.005161052167960175,0.011540463482981623,0.40922536608633153,9.0,0.75,,,,,,
ResNet50/PIRL_selfsupervised,wrsa,5,5,0,0.4958163022994995,0.4863393306732178,0.02315777002081753,0.05178234797385473,0.34691829681396485,9.0,0.75,,,,,,
ResNet50/RotNet_selfsupervised,crsa,5,5,0,0.1932470828294754,0.18514829874038696,0.008909389712550531,0.019922001035300303,0.19419563114643096,4.0,0.3333333333333333,,,,,,
ResNet50/RotNet_selfsupervised,srpr,5,5,0,0.37625630783092107,0.38367096881244195,0.007670695605921577,0.01715219680954959,0.37744182882160626,9.0,0.75,,,,,,
ResNet50/RotNet_selfsupervised,wrsa,5,5,0,0.4242351591587067,0.4175170361995697,0.02130177366350634,0.04763221395291491,0.317972868680954,12.0,1.0,,,,,,
ResNet50/SimCLR_selfsupervised,crsa,5,5,0,0.24219801127910615,0.25899988412857056,0.025556572650744205,0.05714623371897604,0.23678726553916932,5.0,0.4166666666666667,,,,,,
ResNet50/SimCLR_selfsupervised,srpr,5,5,0,0.4190316219068346,0.4164159580598797,0.005809222406509309,0.012989816197369731,0.41945494606241523,9.0,0.75,,,,,,
ResNet50/SimCLR_selfsupervised,wrsa,5,5,0,0.4840665638446808,0.47793057560920715,0.031323709808787376,0.07004194443992551,0.35439853072166444,9.0,0.75,,,,,,
ResNet50/SwAV/BS4096/2x224+6x96_selfsupervised,crsa,5,5,0,0.20878037810325623,0.2380589246749878,0.025535319552464707,0.0570987103464906,0.19404981434345245,5.0,0.4166666666666667,Convolutional,selfsupervised,imagenet,vissl,Self-Supervised,task_vissl
ResNet50/SwAV/BS4096/2x224+6x96_selfsupervised,srpr,5,5,0,0.4165994692059615,0.41460943851735454,0.005606179231877606,0.012535797856525881,0.41697161572930125,9.0,0.75,Convolutional,selfsupervised,imagenet,vissl,Self-Supervised,task_vissl
ResNet50/SwAV/BS4096/2x224+6x96_selfsupervised,wrsa,5,5,0,0.4582957148551941,0.45025092363357544,0.03068881861332296,0.06862228456855098,0.35209897756576536,9.0,0.75,Convolutional,selfsupervised,imagenet,vissl,Self-Supervised,task_vissl
ViT/B/CLIP_slip,crsa,5,5,0,0.021404252108186483,0.022839641198515892,0.014894117229405071,0.03330425858980057,0.0472612090408802,11.0,0.9166666666666666,,,,,,
ViT/B/CLIP_slip,srpr,5,5,0,0.40502467958529154,0.4039105688312847,0.006392676799220908,0.014294459881243737,0.403029666185222,7.0,0.5833333333333334,,,,,,
ViT/B/CLIP_slip,wrsa,5,5,0,0.471414053440094,0.4857472777366638,0.027633248624846014,0.061789822364308265,0.3270456433296204,8.0,0.6666666666666666,,,,,,
ViT/B/SLIP_slip,crsa,5,5,0,0.07841711491346359,0.08308237046003342,0.013622319457026778,0.0304604323171299,0.0900840401649475,7.0,0.5833333333333334,,,,,,
ViT/B/SLIP_slip,srpr,5,5,0,0.406912829629497,0.40562697832069633,0.005368251578034537,0.01200377544880575,0.4067401670510149,6.0,0.5,,,,,,
ViT/B/SLIP_slip,wrsa,5,5,0,0.49592471718788145,0.49558982253074646,0.02697087888663996,0.0603087186034408,0.3371001422405243,6.0,0.5,,,,,,
ViT/B/SimCLR_slip,crsa,5,5,0,0.09386165365576744,0.08591121435165405,0.016113515601741752,0.036030916241997994,0.10163213312625885,11.0,0.9166666666666666,,,,,,
ViT/B/SimCLR_slip,srpr,5,5,0,0.4009970514450121,0.39945431519213515,0.0066906873923569645,0.014960831825510987,0.4027662167829682,6.0,0.5,,,,,,
ViT/B/SimCLR_slip,wrsa,5,5,0,0.47751718759536743,0.48479536175727844,0.02979809041139568,0.06663055575956543,0.3267247200012207,6.0,0.5,,,,,,
ViT/L/CLIP_slip,crsa,5,5,0,0.08230392411351203,0.09132454544305801,0.0079308298041853,0.017733874560139678,0.0948381707072258,11.0,1.0,,,,,,
ViT/L/CLIP_slip,srpr,5,5,0,0.3937257946271594,0.39293677293821266,0.006299810561796054,0.014086804661547127,0.39468345397019444,2.0,0.18181818181818182,,,,,,
ViT/L/CLIP_slip,wrsa,5,5,0,0.4534191370010376,0.4545067846775055,0.02340693334837441,0.05233949411177195,0.32688023447990416,4.0,0.36363636363636365,,,,,,
ViT/L/SLIP_slip,crsa,5,5,0,0.18317816257476807,0.18040300905704498,0.005061305034270618,0.011317422111491001,0.19626081585884095,11.0,1.0,,,,,,
ViT/L/SLIP_slip,srpr,5,5,0,0.4128447548613967,0.41568307885914535,0.005887337466909779,0.013164486782491686,0.4133152580408718,11.0,1.0,,,,,,
ViT/L/SLIP_slip,wrsa,5,5,0,0.5071514010429382,0.49796485900878906,0.025883791174727742,0.057877916582100376,0.3441502690315247,11.0,1.0,,,,,,
ViT/L/SimCLR_slip,crsa,5,5,0,0.14016470760107042,0.13360899686813354,0.00936641134865859,0.020943932480826093,0.15171096622943878,11.0,1.0,,,,,,
ViT/L/SimCLR_slip,srpr,5,5,0,0.3979256184412117,0.39393958174778143,0.005865176185556259,0.013114932650916714,0.40024611970379664,8.0,0.7272727272727273,,,,,,
ViT/L/SimCLR_slip,wrsa,5,5,0,0.49096718430519104,0.5271855592727661,0.024240394604555675,0.054203170137205624,0.32415414452552793,8.0,0.7272727272727273,,,,,,
ViT/S/CLIP_slip,crsa,5,5,0,0.08968883901834487,0.0825149416923523,0.010362224555169166,0.023170638503475775,0.1051802784204483,10.0,0.8333333333333334,,,,,,
ViT/S/CLIP_slip,srpr,5,5,0,0.3972025187741697,0.3991099486615688,0.006058553102729309,0.013547336582994993,0.39815037250007107,8.0,0.6666666666666666,,,,,,
ViT/S/CLIP_slip,wrsa,5,5,0,0.4580203890800476,0.46664777398109436,0.02201707568569681,0.04923167789897586,0.3282167315483093,10.0,0.8333333333333334,,,,,,
ViT/S/SLIP_slip,crsa,5,5,0,0.13135172426700592,0.11715974658727646,0.022308259977108176,0.049882785768551784,0.13443774431943895,11.0,0.9166666666666666,,,,,,
ViT/S/SLIP_slip,srpr,5,5,0,0.40242291597784,0.40096473664540505,0.006048257844781112,0.013524315686376942,0.4032736777805665,10.0,0.8333333333333334,,,,,,
ViT/S/SLIP_slip,wrsa,5,5,0,0.48372381925582886,0.5007894039154053,0.031132103518602686,0.069613499750156,0.33238089084625244,6.0,0.5,,,,,,
ViT/S/SimCLR_slip,crsa,5,5,0,0.13096015453338622,0.10476308315992355,0.021397691657745348,0.04784669310829876,0.13920769542455674,6.0,0.5,,,,,,
ViT/S/SimCLR_slip,srpr,5,5,0,0.4014734522896474,0.39793540584916676,0.005588437343816495,0.012496125788772046,0.4021071208676318,11.0,0.9166666666666666,,,,,,
ViT/S/SimCLR_slip,wrsa,5,5,0,0.48852516412734986,0.5152477622032166,0.03357660747778066,0.07507957677414531,0.325802206993103,11.0,0.9166666666666666,,,,,,
alexnet_classification,crsa,5,5,0,0.2467720627784729,0.24383015930652618,0.009023383972396382,0.020176899949360404,0.25268390476703645,4.0,0.5,,,,,,
alexnet_classification,srpr,5,5,0,0.3839829459004836,0.39211319663966365,0.006369370105414705,0.014242344529562287,0.38547547678440475,7.0,0.875,,,,,,
alexnet_classification,wrsa,5,5,0,0.41537341475486755,0.403143048286438,0.02180195017687626,0.048750642637558884,0.3094788134098053,8.0,1.0,,,,,,
alexnet_gn_ipcl_imagenet,crsa,5,5,0,0.2434548556804657,0.23218028247356415,0.02297858034457316,0.05138166767690613,0.24796227216720582,3.0,0.25,Convolutional,ipcl,imagenet,open_ipcl,Self-Supervised,input_ipcl
alexnet_gn_ipcl_imagenet,srpr,5,5,0,0.3663687035113251,0.3668187161177443,0.0048077631016605026,0.010750485115028106,0.3673657387433837,11.0,0.9166666666666666,Convolutional,ipcl,imagenet,open_ipcl,Self-Supervised,input_ipcl
alexnet_gn_ipcl_imagenet,wrsa,5,5,0,0.4437409281730652,0.45515403151512146,0.022982316004733213,0.05139002086696485,0.2753011852502823,5.0,0.4166666666666667,Convolutional,ipcl,imagenet,open_ipcl,Self-Supervised,input_ipcl
alexnet_gn_ipcl_openimages,crsa,5,5,0,0.22234572172164918,0.20609651505947113,0.021994371697712393,0.049180910238482374,0.2235622823238373,3.0,0.25,Convolutional,ipcl,openimages,open_ipcl,Self-Supervised,input_ipcl
alexnet_gn_ipcl_openimages,srpr,5,5,0,0.3512427976286068,0.35319238543070636,0.00604238079161178,0.013511174195982944,0.35499769527213054,11.0,0.9166666666666666,Convolutional,ipcl,openimages,open_ipcl,Self-Supervised,input_ipcl
alexnet_gn_ipcl_openimages,wrsa,5,5,0,0.4304359436035156,0.43833252787590027,0.014556344918052515,0.03254897674069903,0.2582091361284256,5.0,0.4166666666666667,Convolutional,ipcl,openimages,open_ipcl,Self-Supervised,input_ipcl
alexnet_gn_ipcl_places256,crsa,5,5,0,0.16544117480516435,0.15761937201023102,0.021062339943028092,0.04709682387781986,0.1748429775238037,9.0,0.75,Convolutional,ipcl,places256,open_ipcl,Self-Supervised,input_ipcl
alexnet_gn_ipcl_places256,srpr,5,5,0,0.33042392137305887,0.3353289316897915,0.005138153497998999,0.011489260500354093,0.3358534669558446,11.0,0.9166666666666666,Convolutional,ipcl,places256,open_ipcl,Self-Supervised,input_ipcl
alexnet_gn_ipcl_places256,wrsa,5,5,0,0.3927699148654938,0.4008479416370392,0.02577285708164902,0.05762986040895408,0.2296862781047821,11.0,0.9166666666666666,Convolutional,ipcl,places256,open_ipcl,Self-Supervised,input_ipcl
alexnet_gn_ipcl_vggface2,crsa,5,5,0,0.25087950527668,0.23544636368751526,0.023308612097693984,0.05211964111161773,0.24238401353359224,9.0,0.75,Convolutional,ipcl,vggface2,open_ipcl,Self-Supervised,input_ipcl
alexnet_gn_ipcl_vggface2,srpr,5,5,0,0.2675976732365039,0.2677744341348344,0.0039001360546413216,0.008720969339675824,0.2680416892354849,11.0,0.9166666666666666,Convolutional,ipcl,vggface2,open_ipcl,Self-Supervised,input_ipcl
alexnet_gn_ipcl_vggface2,wrsa,5,5,0,0.34960043132305146,0.3304837644100189,0.03607723525852105,0.08067115047830527,0.17305685579776764,11.0,0.9166666666666666,Convolutional,ipcl,vggface2,open_ipcl,Self-Supervised,input_ipcl
autoencoding_taskonomy,crsa,5,5,0,0.02815643846988678,0.024647586047649384,0.004416077185497311,0.009874648780657936,0.03664996065199375,3.0,0.3,Convolutional,taskonomy,taskonomy,taskonomy,2D,task_taskonomy
autoencoding_taskonomy,srpr,5,5,0,0.13657043453415,0.13773728678609176,0.0031156581676255847,0.006966823457463244,0.14328664126901727,3.0,0.3,Convolutional,taskonomy,taskonomy,taskonomy,2D,task_taskonomy
autoencoding_taskonomy,wrsa,5,5,0,0.021114624640904366,0.02562721259891987,0.012354174146067966,0.027624773196478387,0.06944785192608834,10.0,1.0,Convolutional,taskonomy,taskonomy,taskonomy,2D,task_taskonomy
class_object_taskonomy,crsa,5,5,0,0.10474053919315338,0.10786177217960358,0.010011734466965424,0.02238691884081231,0.12175114601850509,3.0,0.3,Convolutional,taskonomy,taskonomy,taskonomy,Semantic,task_taskonomy
class_object_taskonomy,srpr,5,5,0,0.31624498957601155,0.31971007932749057,0.005224620264388985,0.011682606067796692,0.31917197036805245,5.0,0.5,Convolutional,taskonomy,taskonomy,taskonomy,Semantic,task_taskonomy
class_object_taskonomy,wrsa,5,5,0,0.2923028141260147,0.29921701550483704,0.01668461302734899,0.03730792890743091,0.2042476624250412,10.0,1.0,Convolutional,taskonomy,taskonomy,taskonomy,Semantic,task_taskonomy
class_scene_taskonomy,crsa,5,5,0,0.08750208616256713,0.08578549325466156,0.012678356329111705,0.02834966659485847,0.10005312412977219,3.0,0.3,Convolutional,taskonomy,taskonomy,taskonomy,Semantic,task_taskonomy
class_scene_taskonomy,srpr,5,5,0,0.3129012454251056,0.3141175454214699,0.005210039813859637,0.011650003189270494,0.31769391300620287,5.0,0.5,Convolutional,taskonomy,taskonomy,taskonomy,Semantic,task_taskonomy
class_scene_taskonomy,wrsa,5,5,0,0.3211436033248901,0.333810418844223,0.03344576455277208,0.07478700309945123,0.19050028920173645,6.0,0.6,Convolutional,taskonomy,taskonomy,taskonomy,Semantic,task_taskonomy
coat_lite_tiny_classification,crsa,5,5,0,0.142611363530159,0.1508813351392746,0.008092625887291623,0.018095661600458626,0.15008154660463333,0.0,0.0,Transformer,classification,imagenet,timm,Semantic,arch_transformer_in1k
coat_lite_tiny_classification,srpr,5,5,0,0.40680780569902336,0.4075108714505988,0.0054834914962483714,0.012261459739653393,0.40835115514641573,6.0,0.6,Transformer,classification,imagenet,timm,Semantic,arch_transformer_in1k
coat_lite_tiny_classification,wrsa,5,5,0,0.4521052479743958,0.4873211085796356,0.03877588422055387,0.08670551300481992,0.33205568194389345,6.0,0.6,Transformer,classification,imagenet,timm,Semantic,arch_transformer_in1k
convnext_base_classification,crsa,5,5,0,0.17072865962982178,0.17448042333126068,0.01829273954941051,0.04090380912718077,0.1551453575491905,2.0,0.18181818181818182,Convolutional,classification,imagenet,timm,Semantic,input_in1k_vs_in21k
convnext_base_classification,srpr,5,5,0,0.4234795908704611,0.42199350063742314,0.006002015211335844,0.013420914014534704,0.4246829410412272,7.0,0.6363636363636364,Convolutional,classification,imagenet,timm,Semantic,input_in1k_vs_in21k
convnext_base_classification,wrsa,5,5,0,0.511262732744217,0.5223281383514404,0.02987686593831263,0.0668067031927151,0.35006948113441466,7.0,0.6363636363636364,Convolutional,classification,imagenet,timm,Semantic,input_in1k_vs_in21k
convnext_base_in22k_classification,crsa,5,5,0,0.14670079648494722,0.13881632685661316,0.009911356966816434,0.022162467927067674,0.16240589022636415,11.0,1.0,Convolutional,classification,imagenet21k,timm,Semantic,input_in1k_vs_in21k
convnext_base_in22k_classification,srpr,5,5,0,0.4223958122245275,0.42073734285485526,0.005834435251212432,0.013046193832032068,0.4234471058709436,7.0,0.6363636363636364,Convolutional,classification,imagenet21k,timm,Semantic,input_in1k_vs_in21k
convnext_base_in22k_classification,wrsa,5,5,0,0.5107651710510254,0.5292320847511292,0.030691689379694725,0.06862870379730576,0.3494254291057587,7.0,0.6363636363636364,Convolutional,classification,imagenet21k,timm,Semantic,input_in1k_vs_in21k
convnext_large_classification,crsa,5,5,0,0.18662324249744416,0.1983945220708847,0.01639135901346111,0.036652192997702934,0.16149208098649978,2.0,0.18181818181818182,Convolutional,classification,imagenet,timm,Semantic,input_in1k_vs_in21k
convnext_large_classification,srpr,5,5,0,0.4065405460557011,0.40497460737594126,0.00587378641162915,0.013134185701717347,0.40710283369552674,7.0,0.6363636363636364,Convolutional,classification,imagenet,timm,Semantic,input_in1k_vs_in21k
convnext_large_classification,wrsa,5,5,0,0.4654716312885284,0.4477962851524353,0.025642330637555884,0.05733799440710047,0.33536058068275454,0.0,0.0,Convolutional,classification,imagenet,timm,Semantic,input_in1k_vs_in21k
convnext_large_in22k_classification,crsa,5,5,0,0.1717906802892685,0.16980192065238953,0.016739884805983256,0.03743152036169444,0.16863428950309753,2.0,0.18181818181818182,Convolutional,classification,imagenet21k,timm,Semantic,input_in1k_vs_in21k
convnext_large_in22k_classification,srpr,5,5,0,0.40383467744513196,0.400768946830926,0.005922392677617364,0.013242872616599413,0.4053445514782389,7.0,0.6363636363636364,Convolutional,classification,imagenet21k,timm,Semantic,input_in1k_vs_in21k
convnext_large_in22k_classification,wrsa,5,5,0,0.43471838235855104,0.4397709369659424,0.017361311961484504,0.038821073724459566,0.33840380907058715,11.0,1.0,Convolutional,classification,imagenet21k,timm,Semantic,input_in1k_vs_in21k
crossvit_base_240_classification,crsa,5,5,0,0.2326339453458786,0.22999627888202667,0.01257168804585024,0.028111149062442626,0.2559429734945297,2.0,0.18181818181818182,Transformer,classification,imagenet,timm,Semantic,arch_transformer_in1k
crossvit_base_240_classification,srpr,5,5,0,0.40363032415122485,0.4061780298131603,0.005759444053791651,0.012878508416885084,0.40538708246140376,9.0,0.8181818181818182,Transformer,classification,imagenet,timm,Semantic,arch_transformer_in1k
crossvit_base_240_classification,wrsa,5,5,0,0.4513662695884705,0.4546014666557312,0.03464807498168868,0.07747545094856569,0.3308673441410065,9.0,0.8181818181818182,Transformer,classification,imagenet,timm,Semantic,arch_transformer_in1k
cspresnet50_classification,crsa,5,5,0,0.261085769534111,0.27813196182250977,0.02010787582681885,0.04496257723189173,0.260053688287735,4.0,0.36363636363636365,Convolutional,classification,imagenet,timm,Semantic,arch_cnn_in1k
cspresnet50_classification,srpr,5,5,0,0.4175784536417722,0.4140668605824204,0.006286302490465858,0.014056599695807886,0.41933309783302153,4.0,0.36363636363636365,Convolutional,classification,imagenet,timm,Semantic,arch_cnn_in1k
cspresnet50_classification,wrsa,5,5,0,0.4870457172393799,0.4892900586128235,0.03351308299101237,0.07493753170349562,0.35365666151046754,4.0,0.36363636363636365,Convolutional,classification,imagenet,timm,Semantic,arch_cnn_in1k
curvature_taskonomy,crsa,5,5,0,0.0962366908788681,0.09192872792482376,0.013012406456083148,0.029096625386659053,0.09520401358604431,2.0,0.2,Convolutional,taskonomy,taskonomy,taskonomy,3D,task_taskonomy
curvature_taskonomy,srpr,5,5,0,0.25479621508002886,0.2579663276501069,0.004433444105469506,0.009913482394275573,0.2630526190489076,3.0,0.3,Convolutional,taskonomy,taskonomy,taskonomy,3D,task_taskonomy
curvature_taskonomy,wrsa,5,5,0,0.0804574429988861,0.07863563299179077,0.02180168271382189,0.048750044571987845,0.16696451604366302,4.0,0.4,Convolutional,taskonomy,taskonomy,taskonomy,3D,task_taskonomy
deit_base_patch16_224_classification,crsa,5,5,0,0.13086433857679367,0.126688614487648,0.012436127788906876,0.027808027112869928,0.1428796410560608,6.0,0.6,Transformer,classification,imagenet,timm,Semantic,arch_transformer_in1k
deit_base_patch16_224_classification,srpr,5,5,0,0.4046057477497033,0.4025718503479305,0.005496862816937449,0.012291358921663113,0.40389394679753854,7.0,0.7,Transformer,classification,imagenet,timm,Semantic,arch_transformer_in1k
deit_base_patch16_224_classification,wrsa,5,5,0,0.4735709547996521,0.49317213892936707,0.025867382185451565,0.057841224966636774,0.3264363884925842,8.0,0.8,Transformer,classification,imagenet,timm,Semantic,arch_transformer_in1k
denoising_taskonomy,crsa,5,5,0,0.08922585397958756,0.07961258292198181,0.0078474928405289,0.017547527444365538,0.07845330908894539,2.0,0.2,Convolutional,taskonomy,taskonomy,taskonomy,Other,task_taskonomy
denoising_taskonomy,srpr,5,5,0,0.15396754811153032,0.15296680779247668,0.002105078770541283,0.004707099228921996,0.16019527029970757,10.0,1.0,Convolutional,taskonomy,taskonomy,taskonomy,Other,task_taskonomy
denoising_taskonomy,wrsa,5,5,0,0.15908001661300658,0.13650663197040558,0.026593123673728805,0.05946403226851655,0.09678778201341628,10.0,1.0,Convolutional,taskonomy,taskonomy,taskonomy,Other,task_taskonomy
densenet121_classification,crsa,5,5,0,0.1795179843902588,0.17174141108989716,0.013567609124013088,0.03033809629343964,0.19039702415466309,11.0,1.0,,,,,,
densenet121_classification,srpr,5,5,0,0.3858448523104341,0.38383851399504143,0.006344138812517251,0.014185925643483371,0.38810772957553763,3.0,0.2727272727272727,,,,,,
densenet121_classification,wrsa,5,5,0,0.40478304624557493,0.40669864416122437,0.018776536557583656,0.04198561212476695,0.3306254506111145,10.0,0.9090909090909091,,,,,,
depth_euclidean_taskonomy,crsa,5,5,0,0.09786674678325653,0.09202517569065094,0.007372522410760054,0.01648546127610011,0.0977562576532364,3.0,0.3,Convolutional,taskonomy,taskonomy,taskonomy,3D,task_taskonomy
depth_euclidean_taskonomy,srpr,5,5,0,0.2792467370968224,0.2780310656518389,0.004669023201152677,0.010440253266301054,0.2842147863523172,6.0,0.6,Convolutional,taskonomy,taskonomy,taskonomy,3D,task_taskonomy
depth_euclidean_taskonomy,wrsa,5,5,0,0.26911343038082125,0.29293662309646606,0.027913341458024835,0.06241612897930662,0.1694854348897934,6.0,0.6,Convolutional,taskonomy,taskonomy,taskonomy,3D,task_taskonomy
depth_zbuffer_taskonomy,crsa,5,5,0,0.10591418296098709,0.10474812239408493,0.0065088249744136555,0.014554175096437263,0.11837432384490967,3.0,0.3,Convolutional,taskonomy,taskonomy,taskonomy,3D,task_taskonomy
depth_zbuffer_taskonomy,srpr,5,5,0,0.27275943102799055,0.27267422809418856,0.0049200594790737105,0.011001587448551023,0.27873868851079026,5.0,0.5,Convolutional,taskonomy,taskonomy,taskonomy,3D,task_taskonomy
depth_zbuffer_taskonomy,wrsa,5,5,0,0.26204019486904145,0.2720476984977722,0.02056181810526275,0.045977623024353445,0.169346359372139,6.0,0.6,Convolutional,taskonomy,taskonomy,taskonomy,3D,task_taskonomy
dla34_classification,crsa,5,5,0,0.20845725238323212,0.2004271149635315,0.011615006121138667,0.02597194324594222,0.2154637962579727,7.0,0.5833333333333334,Convolutional,classification,imagenet,timm,Semantic,arch_cnn_in1k
dla34_classification,srpr,5,5,0,0.40081605333767784,0.3999551110132116,0.004573046157531943,0.010225642072485644,0.4036190765246067,7.0,0.5833333333333334,Convolutional,classification,imagenet,timm,Semantic,arch_cnn_in1k
dla34_classification,wrsa,5,5,0,0.43901070952415466,0.42000600695610046,0.024999475252350793,0.055900526066080085,0.3356539964675903,11.0,0.9166666666666666,Convolutional,classification,imagenet,timm,Semantic,arch_cnn_in1k
eca_nfnet_l0_classification,crsa,5,5,0,0.22020827531814574,0.22978346049785614,0.01286100446451188,0.028758080241576844,0.22521041631698607,0.0,0.0,Convolutional,classification,imagenet,timm,Semantic,arch_cnn_in1k
eca_nfnet_l0_classification,srpr,5,5,0,0.41634430236249675,0.41550973816947406,0.005623308593863427,0.01257410027433738,0.41792294977861316,0.0,0.0,Convolutional,classification,imagenet,timm,Semantic,arch_cnn_in1k
eca_nfnet_l0_classification,wrsa,5,5,0,0.469792240858078,0.4812239408493042,0.031155092071909245,0.06966490371805382,0.3545321822166443,0.0,0.0,Convolutional,classification,imagenet,timm,Semantic,arch_cnn_in1k
edge_occlusion_taskonomy,crsa,5,5,0,0.055188371986150744,0.05002656206488609,0.007648341550291918,0.017102211621588856,0.0713475339114666,4.0,0.4,Convolutional,taskonomy,taskonomy,taskonomy,3D,task_taskonomy
edge_occlusion_taskonomy,srpr,5,5,0,0.2834546240301088,0.28322558425384153,0.004245004063931279,0.0094921176517132,0.29101854638041375,5.0,0.5,Convolutional,taskonomy,taskonomy,taskonomy,3D,task_taskonomy
edge_occlusion_taskonomy,wrsa,5,5,0,0.2580902725458145,0.28125518560409546,0.018999353752222982,0.04248384651853628,0.17339524030685424,10.0,1.0,Convolutional,taskonomy,taskonomy,taskonomy,3D,task_taskonomy
edge_texture_taskonomy,crsa,5,5,0,0.17864191830158233,0.15746642649173737,0.016187424734217255,0.03619618208637125,0.1754451423883438,0.0,0.0,Convolutional,taskonomy,taskonomy,taskonomy,2D,task_taskonomy
edge_texture_taskonomy,srpr,5,5,0,0.19468413427193318,0.1914619549099857,0.0055018634591029745,0.012302540697476381,0.19827115093888734,6.0,0.6,Convolutional,taskonomy,taskonomy,taskonomy,2D,task_taskonomy
edge_texture_taskonomy,wrsa,5,5,0,0.1868492916226387,0.15372613072395325,0.03742152598800179,0.08367707593094698,0.09462500065565109,1.0,0.1,Convolutional,taskonomy,taskonomy,taskonomy,2D,task_taskonomy
efficientnet_b3_classification,crsa,5,5,0,0.2135435402393341,0.2202635258436203,0.01657187957455422,0.037055849243643545,0.2344290018081665,0.0,0.0,Convolutional,classification,imagenet,timm,Semantic,arch_cnn_in1k
efficientnet_b3_classification,srpr,5,5,0,0.40349572634965,0.404838480279886,0.005909823845048413,0.013214767852577433,0.4041055605999576,1.0,0.1,Convolutional,classification,imagenet,timm,Semantic,arch_cnn_in1k
efficientnet_b3_classification,wrsa,5,5,0,0.46176970601081846,0.4374116361141205,0.027394329782333134,0.0612555835913439,0.33042211532592775,1.0,0.1,Convolutional,classification,imagenet,timm,Semantic,arch_cnn_in1k
egomotion_taskonomy,crsa,5,5,0,0.08151141107082367,0.06896649301052094,0.009546296470411038,0.021346167841205393,0.08437726646661758,3.0,0.3,Convolutional,taskonomy,taskonomy,taskonomy,Geometric,task_taskonomy
egomotion_taskonomy,srpr,5,5,0,0.2210870078750784,0.21839666058812227,0.0035252913471346442,0.007882791092684876,0.223824713386043,6.0,0.6,Convolutional,taskonomy,taskonomy,taskonomy,Geometric,task_taskonomy
egomotion_taskonomy,wrsa,5,5,0,0.21336147785186768,0.21222825348377228,0.030044529107787894,0.06718160943698484,0.11388957798480988,6.0,0.6,Convolutional,taskonomy,taskonomy,taskonomy,Geometric,task_taskonomy
fixated_pose_taskonomy,crsa,5,5,0,0.07272669970989228,0.06470608711242676,0.012488974909672084,0.027926196867316077,0.08463596850633621,3.0,0.3,Convolutional,taskonomy,taskonomy,taskonomy,Geometric,task_taskonomy
fixated_pose_taskonomy,srpr,5,5,0,0.22279960950992325,0.22121117710270166,0.002361673223315264,0.0052808618679739735,0.2271129747992368,6.0,0.6,Convolutional,taskonomy,taskonomy,taskonomy,Geometric,task_taskonomy
fixated_pose_taskonomy,wrsa,5,5,0,0.2105607956647873,0.20498839020729065,0.0332577740930797,0.07436664365245763,0.11301614195108414,4.0,0.4,Convolutional,taskonomy,taskonomy,taskonomy,Geometric,task_taskonomy
ghostnet_100_classification,crsa,5,5,0,0.16950685977935792,0.17141680419445038,0.014822239623243133,0.03314353537636252,0.17714546322822572,3.0,0.3,Convolutional,classification,imagenet,timm,Semantic,arch_cnn_in1k
ghostnet_100_classification,srpr,5,5,0,0.3931625470226314,0.39361102310753493,0.005786882635080261,0.012939862949852573,0.3943827972889322,6.0,0.6,Convolutional,classification,imagenet,timm,Semantic,arch_cnn_in1k
ghostnet_100_classification,wrsa,5,5,0,0.430487859249115,0.4225580096244812,0.024473416316661382,0.054724222525707376,0.32477039098739624,8.0,0.8,Convolutional,classification,imagenet,timm,Semantic,arch_cnn_in1k
gmixer_24_224_classification,crsa,5,5,0,0.08697674423456192,0.09265857189893723,0.01701963662943198,0.0380570644557553,0.08949362859129906,5.0,0.5,Convolutional,classification,imagenet,timm,Semantic,arch_cnn_in1k
gmixer_24_224_classification,srpr,5,5,0,0.41609955019155126,0.4155085809494281,0.005379628133893157,0.01202921420105544,0.41797957566557314,5.0,0.5,Convolutional,classification,imagenet,timm,Semantic,arch_cnn_in1k
gmixer_24_224_classification,wrsa,5,5,0,0.4837485492229462,0.4781528413295746,0.029692950712854306,0.06639545624649307,0.34377248883247374,5.0,0.5,Convolutional,classification,imagenet,timm,Semantic,arch_cnn_in1k
gmlp_s16_224_classification,crsa,5,5,0,0.16346917748451234,0.15454910695552826,0.013343593824379966,0.02983718285546,0.1570131689310074,6.0,0.5454545454545454,Convolutional,classification,imagenet,timm,Semantic,arch_cnn_in1k
gmlp_s16_224_classification,srpr,5,5,0,0.4239699442357924,0.4222571626063753,0.004328529038627819,0.009678885172953617,0.42201134232692245,3.0,0.2727272727272727,Convolutional,classification,imagenet,timm,Semantic,arch_cnn_in1k
gmlp_s16_224_classification,wrsa,5,5,0,0.5184854507446289,0.5453585982322693,0.026697127792744052,0.05969659254857462,0.3441327571868896,3.0,0.2727272727272727,Convolutional,classification,imagenet,timm,Semantic,arch_cnn_in1k
googlenet_classification,crsa,5,5,0,0.23753677904605866,0.24798384308815002,0.020696832079580785,0.046279523448840974,0.23180088996887208,5.0,0.45454545454545453,Convolutional,classification,imagenet,torchvision,Semantic,arch_cnn_in1k
googlenet_classification,srpr,5,5,0,0.3989003792759957,0.39805564681209127,0.00564717949931646,0.012627477241614834,0.40153658501373524,6.0,0.5454545454545454,Convolutional,classification,imagenet,torchvision,Semantic,arch_cnn_in1k
googlenet_classification,wrsa,5,5,0,0.4650962114334106,0.44269365072250366,0.024503781472443312,0.05479212107818314,0.3410122036933899,6.0,0.5454545454545454,Convolutional,classification,imagenet,torchvision,Semantic,arch_cnn_in1k
hardcorenas_a_classification,crsa,5,5,0,0.262722373008728,0.250653475522995,0.011378855747135616,0.025443894956759396,0.265617698431015,11.0,1.0,Convolutional,classification,imagenet,timm,Semantic,arch_cnn_in1k
hardcorenas_a_classification,srpr,5,5,0,0.40602176169043724,0.41196116553115697,0.005638121057059343,0.012607221948957676,0.40834547277210476,4.0,0.36363636363636365,Convolutional,classification,imagenet,timm,Semantic,arch_cnn_in1k
hardcorenas_a_classification,wrsa,5,5,0,0.4348881244659424,0.4287952184677124,0.03167974159978593,0.07083805572674927,0.34078261256217957,6.0,0.5454545454545454,Convolutional,classification,imagenet,timm,Semantic,arch_cnn_in1k
hardcorenas_f_classification,crsa,5,5,0,0.2415306717157364,0.2481755167245865,0.014483253840332685,0.03238554012236878,0.24089159369468688,8.0,0.8,Convolutional,classification,imagenet,timm,Semantic,arch_cnn_in1k
hardcorenas_f_classification,srpr,5,5,0,0.4085804509283532,0.40821291750662003,0.00538381829933088,0.012038583695811159,0.4113844325022983,2.0,0.2,Convolutional,classification,imagenet,timm,Semantic,arch_cnn_in1k
hardcorenas_f_classification,wrsa,5,5,0,0.4929636657238007,0.49616539478302,0.026848178086829082,0.06003435127417009,0.3392661988735199,2.0,0.2,Convolutional,classification,imagenet,timm,Semantic,arch_cnn_in1k
inception_v3_classification,crsa,5,5,0,0.22700046598911286,0.21713680028915405,0.01598166051711754,0.03573607930959927,0.2549572616815567,10.0,0.9090909090909091,Convolutional,classification,imagenet,timm,Semantic,arch_cnn_in1k
inception_v3_classification,srpr,5,5,0,0.4083480966906225,0.407039989536798,0.0051290064513555035,0.011468807082265869,0.4113816791886321,4.0,0.36363636363636365,Convolutional,classification,imagenet,timm,Semantic,arch_cnn_in1k
inception_v3_classification,wrsa,5,5,0,0.4776225030422211,0.4710460901260376,0.02175432291716231,0.04864414484725645,0.3418832659721375,4.0,0.36363636363636365,Convolutional,classification,imagenet,timm,Semantic,arch_cnn_in1k
inpainting_taskonomy,crsa,5,5,0,0.043827425315976144,0.0403592586517334,0.00509840244149554,0.011400374435834923,0.048537667095661166,0.0,0.0,Convolutional,taskonomy,taskonomy,taskonomy,2D,task_taskonomy
inpainting_taskonomy,srpr,5,5,0,0.20349664644783635,0.2010715812785545,0.004504126791962205,0.010071533686105541,0.2088001543103732,3.0,0.3,Convolutional,taskonomy,taskonomy,taskonomy,2D,task_taskonomy
inpainting_taskonomy,wrsa,5,5,0,0.17762730717658998,0.17097926139831543,0.018244812567138786,0.04079664113686477,0.11594673693180084,3.0,0.3,Convolutional,taskonomy,taskonomy,taskonomy,2D,task_taskonomy
jigsaw_taskonomy,crsa,5,5,0,0.11022852063179016,0.11789679527282715,0.01250111508269069,0.027953343119444286,0.1166688933968544,3.0,0.3,Convolutional,taskonomy,taskonomy,taskonomy,Geometric,task_taskonomy
jigsaw_taskonomy,srpr,5,5,0,0.19699338140174164,0.19540264388813366,0.0030881272584135995,0.006905262472982868,0.20379239800680865,6.0,0.6,Convolutional,taskonomy,taskonomy,taskonomy,Geometric,task_taskonomy
jigsaw_taskonomy,wrsa,5,5,0,0.1525463193655014,0.12045933306217194,0.027067956002366538,0.06052578963326504,0.09778574854135513,6.0,0.6,Convolutional,taskonomy,taskonomy,taskonomy,Geometric,task_taskonomy
jx_nest_tiny_classification,crsa,5,5,0,0.14331551641225815,0.14740565419197083,0.012169974499794269,0.027212890265978982,0.15289543867111205,4.0,0.36363636363636365,Transformer,classification,imagenet,timm,Semantic,arch_transformer_in1k
jx_nest_tiny_classification,srpr,5,5,0,0.4130955434227997,0.41258014718122366,0.00567879782077241,0.012698177957724786,0.41347756602391356,2.0,0.18181818181818182,Transformer,classification,imagenet,timm,Semantic,arch_transformer_in1k
jx_nest_tiny_classification,wrsa,5,5,0,0.49614590406417847,0.493755042552948,0.029723922880177375,0.06646471211803795,0.3343051731586456,2.0,0.18181818181818182,Transformer,classification,imagenet,timm,Semantic,arch_transformer_in1k
keypoints2d_taskonomy,crsa,5,5,0,0.08763600885868073,0.06881251186132431,0.016779788140665185,0.037520746930572155,0.10814085900783539,0.0,0.0,Convolutional,taskonomy,taskonomy,taskonomy,2D,task_taskonomy
keypoints2d_taskonomy,srpr,5,5,0,0.15704958922683926,0.1547102875414781,0.004786252805407922,0.010702386630391192,0.16118607256595646,9.0,0.9,Convolutional,taskonomy,taskonomy,taskonomy,2D,task_taskonomy
keypoints2d_taskonomy,wrsa,5,5,0,0.12857911996543409,0.11748763918876648,0.0466096339965837,0.10422231002274636,0.0808204285800457,5.0,0.5,Convolutional,taskonomy,taskonomy,taskonomy,2D,task_taskonomy
keypoints3d_taskonomy,crsa,5,5,0,0.1184952974319458,0.119736447930336,0.0072198322317670325,0.0161440356563751,0.13328405618667602,4.0,0.4,Convolutional,taskonomy,taskonomy,taskonomy,3D,task_taskonomy
keypoints3d_taskonomy,srpr,5,5,0,0.2896940308661217,0.2876529307290336,0.004700106335731526,0.010509757268173133,0.2984096079091433,5.0,0.5,Convolutional,taskonomy,taskonomy,taskonomy,3D,task_taskonomy
keypoints3d_taskonomy,wrsa,5,5,0,0.27951076030731203,0.2964610457420349,0.02759809601128163,0.06171121873079154,0.17843690812587737,5.0,0.5,Convolutional,taskonomy,taskonomy,taskonomy,3D,task_taskonomy
levit_128_classification,crsa,5,5,0,0.26011855602264405,0.24937701225280762,0.013915413116760412,0.031115809664068503,0.27079256176948546,0.0,0.0,Transformer,classification,imagenet,timm,Semantic,arch_transformer_in1k
levit_128_classification,srpr,5,5,0,0.4161740370057454,0.41729080599187146,0.005945000660224857,0.01329342560254391,0.41728183989957435,9.0,0.8181818181818182,Transformer,classification,imagenet,timm,Semantic,arch_transformer_in1k
levit_128_classification,wrsa,5,5,0,0.4937079012393951,0.4954620599746704,0.02634055161674313,0.05889926397987963,0.3415217995643616,9.0,0.8181818181818182,Transformer,classification,imagenet,timm,Semantic,arch_transformer_in1k
mixer_b16_224_classification,crsa,5,5,0,0.1366502195596695,0.14158542454242706,0.0123014300788863,0.027506833876850375,0.13145118504762648,6.0,0.5454545454545454,MLP-Mixer,classification,imagenet,timm,Semantic,input_in1k_vs_in21k
mixer_b16_224_classification,srpr,5,5,0,0.40860265843519805,0.4113372739652025,0.00496627499820685,0.011104928490948159,0.4097472686213843,11.0,1.0,MLP-Mixer,classification,imagenet,timm,Semantic,input_in1k_vs_in21k
mixer_b16_224_classification,wrsa,5,5,0,0.4978099226951599,0.504942774772644,0.02622172631023821,0.058633562517087394,0.3332632601261139,11.0,1.0,MLP-Mixer,classification,imagenet,timm,Semantic,input_in1k_vs_in21k
mixer_b16_224_in21k_classification,crsa,5,5,0,0.1366502195596695,0.14158542454242706,0.0123014300788863,0.027506833876850375,0.13145118504762648,6.0,0.5454545454545454,MLP-Mixer,classification,imagenet21k,timm,Semantic,input_in1k_vs_in21k
mixer_b16_224_in21k_classification,srpr,5,5,0,0.40860265843519805,0.4113372739652025,0.00496627499820685,0.011104928490948159,0.4097472686213843,11.0,1.0,MLP-Mixer,classification,imagenet21k,timm,Semantic,input_in1k_vs_in21k
mixer_b16_224_in21k_classification,wrsa,5,5,0,0.4978099226951599,0.504942774772644,0.02622172631023821,0.058633562517087394,0.3332632601261139,11.0,1.0,MLP-Mixer,classification,imagenet21k,timm,Semantic,input_in1k_vs_in21k
mixer_l16_224_classification,crsa,5,5,0,0.17760960161685943,0.18430499732494354,0.015232692332342488,0.03406133553545762,0.17202830016613008,5.0,0.5,MLP-Mixer,classification,imagenet,timm,Semantic,input_in1k_vs_in21k
mixer_l16_224_classification,srpr,5,5,0,0.4092694446224202,0.4115709120888476,0.005665231852826999,0.012667843531218255,0.4101990388047961,3.0,0.3,MLP-Mixer,classification,imagenet,timm,Semantic,input_in1k_vs_in21k
mixer_l16_224_classification,wrsa,5,5,0,0.5078487694263458,0.49482786655426025,0.022375220236973407,0.0500325134614015,0.3353576183319092,7.0,0.7,MLP-Mixer,classification,imagenet,timm,Semantic,input_in1k_vs_in21k
mixer_l16_224_in21k_classification,crsa,5,5,0,0.17760960161685943,0.18430499732494354,0.015232692332342488,0.03406133553545762,0.17202830016613008,5.0,0.5,MLP-Mixer,classification,imagenet21k,timm,Semantic,input_in1k_vs_in21k
mixer_l16_224_in21k_classification,srpr,5,5,0,0.4092694446224202,0.4115709120888476,0.005665231852826999,0.012667843531218255,0.4101990388047961,3.0,0.3,MLP-Mixer,classification,imagenet21k,timm,Semantic,input_in1k_vs_in21k
mixer_l16_224_in21k_classification,wrsa,5,5,0,0.5078487694263458,0.49482786655426025,0.022375220236973407,0.0500325134614015,0.3353576183319092,7.0,0.7,MLP-Mixer,classification,imagenet21k,timm,Semantic,input_in1k_vs_in21k
mnasnet1_0_classification,crsa,5,5,0,0.26292208433151243,0.24840733408927917,0.019259589849818445,0.04306575212295901,0.2697776257991791,2.0,0.18181818181818182,Convolutional,classification,imagenet,torchvision,Semantic,arch_cnn_in1k
mnasnet1_0_classification,srpr,5,5,0,0.41388647202604717,0.41619226488024225,0.005732761134345476,0.01281884359516528,0.41349529675266766,2.0,0.18181818181818182,Convolutional,classification,imagenet,torchvision,Semantic,arch_cnn_in1k
mnasnet1_0_classification,wrsa,5,5,0,0.49322137236595154,0.4746699929237366,0.028703813292227334,0.06418367773488237,0.34541099071502684,11.0,1.0,Convolutional,classification,imagenet,torchvision,Semantic,arch_cnn_in1k
mobilenet_v2_classification,crsa,5,5,0,0.1677112579345703,0.1696714609861374,0.007808446228364928,0.017460216565275823,0.16959245204925538,2.0,0.18181818181818182,,,,,,
mobilenet_v2_classification,srpr,5,5,0,0.4015408555440822,0.39998733842848544,0.006198193877061846,0.013859582846833264,0.4037754933068977,11.0,1.0,,,,,,
mobilenet_v2_classification,wrsa,5,5,0,0.4896489083766937,0.4665735960006714,0.026059813338501825,0.058271514105845815,0.34055696725845336,11.0,1.0,,,,,,
mobilenetv3_large_100_classification,crsa,5,5,0,0.22567432522773742,0.22845736145973206,0.01641826405119079,0.036712354491003685,0.234548220038414,7.0,0.6363636363636364,Convolutional,classification,imagenet,timm,Semantic,input_in1k_vs_in21k
mobilenetv3_large_100_classification,srpr,5,5,0,0.40892178247616273,0.409213669970798,0.005120579500421027,0.011449963847133319,0.4103509991568819,5.0,0.45454545454545453,Convolutional,classification,imagenet,timm,Semantic,input_in1k_vs_in21k
mobilenetv3_large_100_classification,wrsa,5,5,0,0.42935585379600527,0.3952914774417877,0.028002210923933075,0.06261484714620157,0.33823431730270387,8.0,0.7272727272727273,Convolutional,classification,imagenet,timm,Semantic,input_in1k_vs_in21k
nf_resnet50_classification,crsa,5,5,0,0.2467511624097824,0.24048803746700287,0.013317862723976906,0.029779646365822882,0.24335054457187652,4.0,0.36363636363636365,Convolutional,classification,imagenet,timm,Semantic,arch_cnn_in1k
nf_resnet50_classification,srpr,5,5,0,0.415332085688737,0.4134411230234219,0.005600313839171465,0.012522682439720228,0.4165336338195794,11.0,1.0,Convolutional,classification,imagenet,timm,Semantic,arch_cnn_in1k
nf_resnet50_classification,wrsa,5,5,0,0.4795283913612366,0.47922059893608093,0.02925958228306352,0.06542641497817853,0.35593563318252563,11.0,1.0,Convolutional,classification,imagenet,timm,Semantic,arch_cnn_in1k
nfnet_l0_classification,crsa,5,5,0,0.26757104992866515,0.28096550703048706,0.0218992261998085,0.048968158437416205,0.2805414289236069,3.0,0.2727272727272727,Convolutional,classification,imagenet,timm,Semantic,arch_cnn_in1k
nfnet_l0_classification,srpr,5,5,0,0.4045198472928271,0.4031356837543699,0.004772957052080772,0.010672656422139607,0.408343817455702,6.0,0.5454545454545454,Convolutional,classification,imagenet,timm,Semantic,arch_cnn_in1k
nfnet_l0_classification,wrsa,5,5,0,0.46807279586791994,0.45464444160461426,0.025582041638086618,0.057203184105991754,0.3584605395793915,3.0,0.2727272727272727,Convolutional,classification,imagenet,timm,Semantic,arch_cnn_in1k
nonfixated_pose_taskonomy,crsa,5,5,0,0.08521836996078491,0.08187635242938995,0.006728046596408324,0.015044369545355107,0.09568560868501663,8.0,0.8,Convolutional,taskonomy,taskonomy,taskonomy,Geometric,task_taskonomy
nonfixated_pose_taskonomy,srpr,5,5,0,0.19459714467726935,0.19317643998435763,0.004536194135360298,0.010143238445801514,0.19757604900902187,8.0,0.8,Convolutional,taskonomy,taskonomy,taskonomy,Geometric,task_taskonomy
nonfixated_pose_taskonomy,wrsa,5,5,0,0.17868491709232331,0.16240765154361725,0.02868838306312704,0.06414917469370572,0.09263602346181869,6.0,0.6,Convolutional,taskonomy,taskonomy,taskonomy,Geometric,task_taskonomy
normal_taskonomy,crsa,5,5,0,0.09828654080629348,0.10020814090967178,0.007233683166691604,0.01617500728841837,0.10840277671813965,4.0,0.4,Convolutional,taskonomy,taskonomy,taskonomy,3D,task_taskonomy
normal_taskonomy,srpr,5,5,0,0.27659320036141966,0.2802518893145543,0.004900328746443454,0.010957468189143896,0.2823087805820793,5.0,0.5,Convolutional,taskonomy,taskonomy,taskonomy,3D,task_taskonomy
normal_taskonomy,wrsa,5,5,0,0.22269074022769927,0.21612848341464996,0.02835311256845041,0.06339948707675878,0.1716156005859375,5.0,0.5,Convolutional,taskonomy,taskonomy,taskonomy,3D,task_taskonomy
pit_b_224_classification,crsa,5,5,0,0.05812642015516758,0.0598137192428112,0.010053976766497188,0.022481375494091245,0.07036410346627235,4.0,0.3333333333333333,Transformer,classification,imagenet,timm,Semantic,arch_transformer_in1k
pit_b_224_classification,srpr,5,5,0,0.40452079119378553,0.4048851478672414,0.0062362680380161056,0.013944719258913255,0.4055563002751671,0.0,0.0,Transformer,classification,imagenet,timm,Semantic,arch_transformer_in1k
pit_b_224_classification,wrsa,5,5,0,0.49503942131996154,0.5058676600456238,0.02703604279286143,0.06045442952743141,0.33715909719467163,0.0,0.0,Transformer,classification,imagenet,timm,Semantic,arch_transformer_in1k
pit_ti_224_classification,crsa,5,5,0,0.1453547552227974,0.13603650033473969,0.012777518193276893,0.028571399263907428,0.1471008613705635,7.0,0.6363636363636364,Transformer,classification,imagenet,timm,Semantic,arch_transformer_in1k
pit_ti_224_classification,srpr,5,5,0,0.4104203389314912,0.41184034303659817,0.005414083572699635,0.012106258904421309,0.4104761131679574,3.0,0.2727272727272727,Transformer,classification,imagenet,timm,Semantic,arch_transformer_in1k
pit_ti_224_classification,wrsa,5,5,0,0.48716474175453184,0.4969997704029083,0.02704581697025032,0.06047628525249714,0.3294443964958191,4.0,0.36363636363636365,Transformer,classification,imagenet,timm,Semantic,arch_transformer_in1k
point_matching_taskonomy,crsa,5,5,0,0.13480245172977448,0.13059484958648682,0.017740043916980856,0.03966794412220083,0.13383196741342546,3.0,0.3,Convolutional,taskonomy,taskonomy,taskonomy,Geometric,task_taskonomy
point_matching_taskonomy,srpr,5,5,0,0.21962264398782566,0.21457426725228934,0.004118690709575476,0.009209672404907615,0.22223800086455076,3.0,0.3,Convolutional,taskonomy,taskonomy,taskonomy,Geometric,task_taskonomy
point_matching_taskonomy,wrsa,5,5,0,0.2614326596260071,0.23514816164970398,0.036705636827756294,0.08207629910428281,0.11934486925601959,8.0,0.8,Convolutional,taskonomy,taskonomy,taskonomy,Geometric,task_taskonomy
poolformer_s36_classification,crsa,5,5,0,0.14908425509929657,0.15248697996139526,0.013878511747289754,0.031033295693469274,0.1434579983353615,3.0,0.2727272727272727,Transformer,classification,imagenet,timm,Semantic,arch_transformer_in1k
poolformer_s36_classification,srpr,5,5,0,0.41654817225352014,0.4140700023834359,0.005168621736544213,0.011557389552895874,0.4189452276456184,1.0,0.09090909090909091,Transformer,classification,imagenet,timm,Semantic,arch_transformer_in1k
poolformer_s36_classification,wrsa,5,5,0,0.493536102771759,0.4938848912715912,0.030209475680517284,0.06755044118626337,0.34193918108940125,1.0,0.09090909090909091,Transformer,classification,imagenet,timm,Semantic,arch_transformer_in1k
random_weights_taskonomy,crsa,5,5,0,0.04368851594626903,0.0343131422996521,0.013904242225054882,0.031090830790845646,0.058489563316106795,10.0,1.0,Convolutional,taskonomy,none,taskonomy,Random,task_taskonomy
random_weights_taskonomy,srpr,5,5,0,0.1493853177995697,0.15061544989125591,0.004262914160404859,0.009532165844911704,0.15468575771101709,10.0,1.0,Convolutional,taskonomy,none,taskonomy,Random,task_taskonomy
random_weights_taskonomy,wrsa,5,5,0,0.0971340887248516,0.08944759517908096,0.020950589124841858,0.04684694145181422,0.053910136222839355,10.0,1.0,Convolutional,taskonomy,none,taskonomy,Random,task_taskonomy
regnetx_064_classification,crsa,5,5,0,0.23291447162628173,0.23846398293972015,0.014120252613526986,0.03157384470331541,0.23242765069007873,1.0,0.09090909090909091,Convolutional,classification,imagenet,timm,Semantic,arch_cnn_in1k
regnetx_064_classification,srpr,5,5,0,0.4079177616872127,0.4066639167381333,0.0057589755414075945,0.012877460791346034,0.40944324746973326,4.0,0.36363636363636365,Convolutional,classification,imagenet,timm,Semantic,arch_cnn_in1k
regnetx_064_classification,wrsa,5,5,0,0.46638232469558716,0.4486221373081207,0.022529008301341774,0.05037639402745728,0.3521465063095093,3.0,0.2727272727272727,Convolutional,classification,imagenet,timm,Semantic,arch_cnn_in1k
regnety_064_classification,crsa,5,5,0,0.21504972577095033,0.2104368805885315,0.018369668117598343,0.0410758266350605,0.23612935841083527,7.0,0.7,Convolutional,classification,imagenet,timm,Semantic,arch_cnn_in1k
regnety_064_classification,srpr,5,5,0,0.40086884552322477,0.3998393047967302,0.006114578895176092,0.013672614063399303,0.4017527489284537,1.0,0.1,Convolutional,classification,imagenet,timm,Semantic,arch_cnn_in1k
regnety_064_classification,wrsa,5,5,0,0.4563265085220337,0.43484193086624146,0.02670279003935456,0.05970925371690107,0.3418762803077698,7.0,0.7,Convolutional,classification,imagenet,timm,Semantic,arch_cnn_in1k
reshading_taskonomy,crsa,5,5,0,0.12223545461893082,0.11417089402675629,0.014463066250273493,0.03234039929869452,0.12188689112663269,3.0,0.3,Convolutional,taskonomy,taskonomy,taskonomy,3D,task_taskonomy
reshading_taskonomy,srpr,5,5,0,0.27902075768031026,0.27735502169693504,0.004827783389617703,0.010795251839829538,0.2884676743168121,1.0,0.1,Convolutional,taskonomy,taskonomy,taskonomy,3D,task_taskonomy
reshading_taskonomy,wrsa,5,5,0,0.268672314286232,0.2748011350631714,0.02474095335680791,0.0553224535339741,0.17336473762989044,10.0,1.0,Convolutional,taskonomy,taskonomy,taskonomy,3D,task_taskonomy
resmlp_big_24_224_classification,crsa,5,5,0,0.11413055062294006,0.09647540748119354,0.01662173183230663,0.03716732228080976,0.12398243546485901,4.0,0.36363636363636365,MLP-Mixer,classification,imagenet,timm,Semantic,input_in1k_vs_in21k
resmlp_big_24_224_classification,srpr,5,5,0,0.41721301825816004,0.4177565730797268,0.0058956373021026055,0.013183045778184889,0.4179277600384217,11.0,1.0,MLP-Mixer,classification,imagenet,timm,Semantic,input_in1k_vs_in21k
resmlp_big_24_224_classification,wrsa,5,5,0,0.4940208077430725,0.49369099736213684,0.027061003865837145,0.06051024418339646,0.3476835906505585,2.0,0.18181818181818182,MLP-Mixer,classification,imagenet,timm,Semantic,input_in1k_vs_in21k
resmlp_big_24_224_in22ft1k_classification,crsa,5,5,0,0.16590636372566223,0.1575126349925995,0.020066152555411703,0.04486928116078169,0.1746264338493347,4.0,0.36363636363636365,MLP-Mixer,classification,imagenet21k,timm,Semantic,input_in1k_vs_in21k
resmlp_big_24_224_in22ft1k_classification,srpr,5,5,0,0.4287802619855503,0.42658742281691614,0.00617793296486092,0.013814278069865826,0.4292560524602413,11.0,1.0,MLP-Mixer,classification,imagenet21k,timm,Semantic,input_in1k_vs_in21k
resmlp_big_24_224_in22ft1k_classification,wrsa,5,5,0,0.5119320809841156,0.505253791809082,0.028261090008331918,0.06319371837687027,0.35620408654212954,8.0,0.7272727272727273,MLP-Mixer,classification,imagenet21k,timm,Semantic,input_in1k_vs_in21k
resnet101_classification,crsa,5,5,0,0.24046804308891295,0.25358283519744873,0.014483988219901052,0.032387182245004933,0.23311313688755037,6.0,0.5454545454545454,,,,,,
resnet101_classification,srpr,5,5,0,0.4061047120094283,0.4043366763372279,0.004688064669840429,0.010482831284678308,0.40622607625832713,10.0,0.9090909090909091,,,,,,
resnet101_classification,wrsa,5,5,0,0.47694883346557615,0.47097817063331604,0.024356876647024215,0.0544636319023233,0.34308497309684755,8.0,0.7272727272727273,,,,,,
resnet152_classification,crsa,5,5,0,0.1815351665019989,0.1795649379491806,0.01851152684464244,0.041393032391932684,0.18592462539672852,4.0,0.36363636363636365,,,,,,
resnet152_classification,srpr,5,5,0,0.395464688510672,0.39631761070997384,0.005709972583070652,0.012767886845406045,0.3975179742476743,2.0,0.18181818181818182,,,,,,
resnet152_classification,wrsa,5,5,0,0.47264102697372434,0.4566136598587036,0.022242213139241743,0.04973510054938353,0.3235788106918335,1.0,0.09090909090909091,,,,,,
resnet18_classification,crsa,5,5,0,0.23966639637947082,0.23329783976078033,0.008212095642618388,0.018362804094624537,0.24044214487075805,1.0,0.1,,,,,,
resnet18_classification,srpr,5,5,0,0.3989341916086566,0.3970263285199961,0.0066006908999227286,0.014759593550691483,0.400436215152775,4.0,0.4,,,,,,
resnet18_classification,wrsa,5,5,0,0.45188520550727845,0.42384469509124756,0.03223917280830443,0.07208898193773149,0.33087987899780275,4.0,0.4,,,,,,
resnet50_classification,crsa,5,5,0,0.23692651093006134,0.23906725645065308,0.015674826622778776,0.0350499778640568,0.24406794905662538,7.0,0.5833333333333334,,,,,,
resnet50_classification,srpr,5,5,0,0.4099759065269549,0.4070498338818458,0.005811151043280405,0.012994128760293818,0.4114828861920068,4.0,0.3333333333333333,,,,,,
resnet50_classification,wrsa,5,5,0,0.47248695492744447,0.46373096108436584,0.023485566304167503,0.05251532274619705,0.3465093016624451,4.0,0.3333333333333333,,,,,,
room_layout_taskonomy,crsa,5,5,0,0.0522981196641922,0.04848310351371765,0.011361226334558472,0.025404474391833513,0.06464189812541007,3.0,0.3,Convolutional,taskonomy,taskonomy,taskonomy,Geometric,task_taskonomy
room_layout_taskonomy,srpr,5,5,0,0.24909664924198333,0.24740571338248654,0.003661060932333081,0.008186381114465523,0.2526699377592588,5.0,0.5,Convolutional,taskonomy,taskonomy,taskonomy,Geometric,task_taskonomy
room_layout_taskonomy,wrsa,5,5,0,0.2508716285228729,0.219614177942276,0.0423766842991334,0.09475714675391032,0.1421555683016777,6.0,0.6,Convolutional,taskonomy,taskonomy,taskonomy,Geometric,task_taskonomy
segment_semantic_taskonomy,crsa,5,5,0,0.0981947809457779,0.09732426702976227,0.0034928035897788525,0.007810146258800803,0.10593959242105484,4.0,0.4,,,,,,
segment_semantic_taskonomy,srpr,5,5,0,0.27600879497875513,0.2757450418080415,0.005783900937759821,0.01293319567195575,0.2815262318975851,6.0,0.6,,,,,,
segment_semantic_taskonomy,wrsa,5,5,0,0.28094116747379305,0.2937714159488678,0.023004137165132926,0.05143881446496653,0.16795497238636017,4.0,0.4,,,,,,
segment_unsup25d_taskonomy,crsa,5,5,0,0.11223864853382111,0.10665414482355118,0.005368170010339477,0.01200359305789482,0.10990464091300964,3.0,0.3,,,,,,
segment_unsup25d_taskonomy,srpr,5,5,0,0.27439522928527027,0.27161643909756933,0.004161876388638492,0.009306238518947013,0.2782410842517257,5.0,0.5,,,,,,
segment_unsup25d_taskonomy,wrsa,5,5,0,0.26333047449588776,0.2860035300254822,0.03234584766335459,0.07232751416511361,0.1593088150024414,5.0,0.5,,,,,,
segment_unsup2d_taskonomy,crsa,5,5,0,0.14287151098251344,0.13609164953231812,0.010702248586789767,0.023930955352162983,0.15773320496082305,3.0,0.3,,,,,,
segment_unsup2d_taskonomy,srpr,5,5,0,0.2211765263930081,0.22092945435922587,0.006245238347657554,0.013964777481050749,0.22299969469312658,9.0,0.9,,,,,,
segment_unsup2d_taskonomy,wrsa,5,5,0,0.2508798986673355,0.1957312673330307,0.04680656150493057,0.10466265331804962,0.12278346419334411,8.0,0.8,,,,,,
semnasnet_100_classification,crsa,5,5,0,0.26006166636943817,0.24387505650520325,0.019732365600480768,0.044122910839553456,0.27020653486251833,11.0,1.0,Convolutional,classification,imagenet,timm,Semantic,arch_cnn_in1k
semnasnet_100_classification,srpr,5,5,0,0.40395265391139923,0.4051249466444923,0.005286343094711549,0.011820622512161644,0.4063190375400447,9.0,0.8181818181818182,Convolutional,classification,imagenet,timm,Semantic,arch_cnn_in1k
semnasnet_100_classification,wrsa,5,5,0,0.4246378898620605,0.40919944643974304,0.025739479585674657,0.05755522605903666,0.3496688485145569,9.0,0.8181818181818182,Convolutional,classification,imagenet,timm,Semantic,arch_cnn_in1k
seresnext50_32x4d_classification,crsa,5,5,0,0.20704438388347626,0.20555643737316132,0.012356561885299863,0.027630112343713452,0.20800978243350982,3.0,0.2727272727272727,Convolutional,classification,imagenet,timm,Semantic,arch_cnn_in1k
seresnext50_32x4d_classification,srpr,5,5,0,0.3961907070640599,0.39902467683452053,0.006839742790571661,0.015294129828332345,0.3983695121403131,0.0,0.0,Convolutional,classification,imagenet,timm,Semantic,arch_cnn_in1k
seresnext50_32x4d_classification,wrsa,5,5,0,0.45037734508514404,0.41541221737861633,0.025806775495709765,0.05770570428848287,0.33980085849761965,11.0,1.0,Convolutional,classification,imagenet,timm,Semantic,arch_cnn_in1k
shufflenet_v2_x1_0_classification,crsa,5,5,0,0.26386748552322387,0.2671010494232178,0.01745385780478892,0.03902801252112328,0.2750775456428528,11.0,1.0,Convolutional,classification,imagenet,torchvision,Semantic,arch_cnn_in1k
shufflenet_v2_x1_0_classification,srpr,5,5,0,0.4026823913897656,0.4033730764738418,0.0057322329171140985,0.012817662465529057,0.40396421970748025,8.0,0.7272727272727273,Convolutional,classification,imagenet,torchvision,Semantic,arch_cnn_in1k
shufflenet_v2_x1_0_classification,wrsa,5,5,0,0.46977903246879577,0.4599408805370331,0.020710830142709042,0.04631082406954908,0.33280667662620544,11.0,1.0,Convolutional,classification,imagenet,torchvision,Semantic,arch_cnn_in1k
skresnext50_32x4d_classification,crsa,5,5,0,0.2373461365699768,0.2257039099931717,0.0151156182337728,0.03379954989265129,0.249983811378479,11.0,1.0,Convolutional,classification,imagenet,timm,Semantic,arch_cnn_in1k
skresnext50_32x4d_classification,srpr,5,5,0,0.40036306593656235,0.4029479669047148,0.006686411179846484,0.01495126992365132,0.40290619735884386,9.0,0.8181818181818182,Convolutional,classification,imagenet,timm,Semantic,arch_cnn_in1k
skresnext50_32x4d_classification,wrsa,5,5,0,0.44469683766365053,0.43108057975769043,0.022053255834220242,0.049312579170510296,0.3388188362121582,9.0,0.8181818181818182,Convolutional,classification,imagenet,timm,Semantic,arch_cnn_in1k
squeezenet1_0_classification,crsa,5,5,0,0.25633926689624786,0.26639243960380554,0.013918260309198181,0.031122176179904374,0.26519395112991334,6.0,0.5454545454545454,Convolutional,classification,imagenet,torchvision,Semantic,arch_cnn_in1k
squeezenet1_0_classification,srpr,5,5,0,0.3772448175852557,0.38237782822096383,0.006111991218138413,0.013666827841639258,0.3789904333379629,0.0,0.0,Convolutional,classification,imagenet,torchvision,Semantic,arch_cnn_in1k
squeezenet1_0_classification,wrsa,5,5,0,0.4161743223667145,0.4086010456085205,0.018587480714160175,0.04156287040732849,0.30279186367988586,0.0,0.0,Convolutional,classification,imagenet,torchvision,Semantic,arch_cnn_in1k
swin_base_patch4_window7_224_classification,crsa,5,5,0,0.12200518399477005,0.12138228118419647,0.008760559334505523,0.019589206192874672,0.12497788071632385,2.0,0.2,Transformer,classification,imagenet,timm,Semantic,input_in1k_vs_in21k
swin_base_patch4_window7_224_classification,srpr,5,5,0,0.41580030309884597,0.41557110996205804,0.005596193326690996,0.012513468693711755,0.41533600737943777,4.0,0.4,Transformer,classification,imagenet,timm,Semantic,input_in1k_vs_in21k
swin_base_patch4_window7_224_classification,wrsa,5,5,0,0.49527612924575803,0.5123900771141052,0.03286676006506686,0.07349230970566493,0.3387428462505341,6.0,0.6,Transformer,classification,imagenet,timm,Semantic,input_in1k_vs_in21k
swin_base_patch4_window7_224_in22k_classification,crsa,5,5,0,0.1535382628440857,0.14933902025222778,0.010166326219568539,0.022732596508393706,0.16401761174201965,5.0,0.5,Transformer,classification,imagenet21k,timm,Semantic,input_in1k_vs_in21k
swin_base_patch4_window7_224_in22k_classification,srpr,5,5,0,0.4190018440125683,0.4182355453578361,0.005180882117454421,0.011584804598041136,0.4205016185912722,4.0,0.4,Transformer,classification,imagenet21k,timm,Semantic,input_in1k_vs_in21k
swin_base_patch4_window7_224_in22k_classification,wrsa,5,5,0,0.4532493710517883,0.41884440183639526,0.02916524620456687,0.06521547309392928,0.34670151472091676,5.0,0.5,Transformer,classification,imagenet21k,timm,Semantic,input_in1k_vs_in21k
swin_large_patch4_window7_224_classification,crsa,5,5,0,0.13122100085020066,0.1630091518163681,0.022043504472773697,0.049290774463442655,0.1468467205762863,8.0,0.8,Transformer,classification,imagenet,timm,Semantic,input_in1k_vs_in21k
swin_large_patch4_window7_224_classification,srpr,5,5,0,0.41130343032887645,0.40858159980016934,0.005678174292407622,0.012696783705915204,0.41332114635063794,3.0,0.3,Transformer,classification,imagenet,timm,Semantic,input_in1k_vs_in21k
swin_large_patch4_window7_224_classification,wrsa,5,5,0,0.46862409114837644,0.4868922531604767,0.02692997236186856,0.06021724883332866,0.3392390489578247,4.0,0.4,Transformer,classification,imagenet,timm,Semantic,input_in1k_vs_in21k
swin_large_patch4_window7_224_in22k_classification,crsa,5,5,0,0.1631314069032669,0.16807471215724945,0.009252257917436927,0.020688677648749605,0.1713519424200058,5.0,0.5,Transformer,classification,imagenet21k,timm,Semantic,input_in1k_vs_in21k
swin_large_patch4_window7_224_in22k_classification,srpr,5,5,0,0.41391175344681486,0.41045504854560866,0.005951649635819011,0.013308293163953187,0.41569441167797583,3.0,0.3,Transformer,classification,imagenet21k,timm,Semantic,input_in1k_vs_in21k
swin_large_patch4_window7_224_in22k_classification,wrsa,5,5,0,0.43560200929641724,0.39532628655433655,0.026297156442745596,0.058802229420925715,0.3450569212436676,5.0,0.5,Transformer,classification,imagenet21k,timm,Semantic,input_in1k_vs_in21k
swin_tiny_patch4_window7_224_classification,crsa,5,5,0,0.1630677342414856,0.15861846506595612,0.008859344198332172,0.01981009586353912,0.16029875576496125,1.0,0.1,Transformer,classification,imagenet,timm,Semantic,arch_transformer_in1k
swin_tiny_patch4_window7_224_classification,srpr,5,5,0,0.4197924864160057,0.4193617547975233,0.005909114984444299,0.013213182792080065,0.4213465917232626,6.0,0.6,Transformer,classification,imagenet,timm,Semantic,arch_transformer_in1k
swin_tiny_patch4_window7_224_classification,wrsa,5,5,0,0.5212056875228882,0.539505660533905,0.028015746120739694,0.06264511276634999,0.34469611644744874,6.0,0.6,Transformer,classification,imagenet,timm,Semantic,arch_transformer_in1k
tnt_s_patch16_224_classification,crsa,5,5,0,0.14374446272850036,0.1426054835319519,0.008700451111154802,0.01945480011945572,0.16818397045135497,9.0,0.8181818181818182,Transformer,classification,imagenet,timm,Semantic,arch_transformer_in1k
tnt_s_patch16_224_classification,srpr,5,5,0,0.40132366723725765,0.4006779568595164,0.0056057571348947085,0.012534854018979026,0.4010235947450617,11.0,1.0,Transformer,classification,imagenet,timm,Semantic,arch_transformer_in1k
tnt_s_patch16_224_classification,wrsa,5,5,0,0.4659028649330139,0.4776628911495209,0.026395280896820174,0.05902164237049153,0.3224566340446472,9.0,0.8181818181818182,Transformer,classification,imagenet,timm,Semantic,arch_transformer_in1k
vanishing_point_taskonomy,crsa,5,5,0,0.010985785443335772,0.010389246046543121,0.0049393485793520235,0.01104471918799814,0.013439304754137993,4.0,0.4,,,,,,
vanishing_point_taskonomy,srpr,5,5,0,0.1654471669703828,0.16207848066868435,0.0029662655641132024,0.006632771440673879,0.17442036279524417,3.0,0.3,,,,,,
vanishing_point_taskonomy,wrsa,5,5,0,0.050084637757390735,0.052419304847717285,0.012105306208465517,0.027068287570579132,0.0926466628909111,10.0,1.0,,,,,,
vgg16_classification,crsa,5,5,0,0.27306429445743563,0.2910541296005249,0.013832174351786044,0.030929682127222684,0.276370906829834,1.0,0.058823529411764705,,,,,,
vgg16_classification,srpr,5,5,0,0.3945899976158171,0.3997497429866833,0.0054504473464321804,0.012187570774405684,0.39641471481880347,5.0,0.29411764705882354,,,,,,
vgg16_classification,wrsa,5,5,0,0.3976398825645447,0.393612802028656,0.02710182066153258,0.060601513313195174,0.32483484745025637,5.0,0.29411764705882354,,,,,,
visformer_small_classification,crsa,5,5,0,0.21820781230926514,0.23042139410972595,0.011861274170489336,0.026522615344976585,0.22156358361244202,5.0,0.45454545454545453,Transformer,classification,imagenet,timm,Semantic,arch_transformer_in1k
visformer_small_classification,srpr,5,5,0,0.4027874736467464,0.40161908462637874,0.005572645483252568,0.012460814115059901,0.4056344398860993,1.0,0.09090909090909091,Transformer,classification,imagenet,timm,Semantic,arch_transformer_in1k
visformer_small_classification,wrsa,5,5,0,0.4649491310119629,0.46484193205833435,0.021299231063783623,0.04762652852709534,0.33591884970664976,1.0,0.09090909090909091,Transformer,classification,imagenet,timm,Semantic,arch_transformer_in1k
vit_base_patch16_224_classification,crsa,5,5,0,0.14502033293247224,0.13894625008106232,0.006069648199245159,0.013572145973021369,0.15468775928020478,1.0,0.1,Transformer,classification,imagenet,timm,Semantic,input_in1k_vs_in21k
vit_base_patch16_224_classification,srpr,5,5,0,0.40905943458720895,0.4083746492925221,0.005734270948870981,0.012822219643077726,0.4093945010415485,8.0,0.8,Transformer,classification,imagenet,timm,Semantic,input_in1k_vs_in21k
vit_base_patch16_224_classification,wrsa,5,5,0,0.47687960267066953,0.48152902722358704,0.02763682665498339,0.061797823082921,0.3320034146308899,7.0,0.7,Transformer,classification,imagenet,timm,Semantic,input_in1k_vs_in21k
vit_base_patch16_224_in21k_classification,crsa,5,5,0,0.18952358961105348,0.19868122041225433,0.00817513883821026,0.018280166167736797,0.1805223286151886,10.0,1.0,Transformer,classification,imagenet21k,timm,Semantic,input_in1k_vs_in21k
vit_base_patch16_224_in21k_classification,srpr,5,5,0,0.4046747581680993,0.4050073299489863,0.0057947838779821475,0.012957530666087921,0.40420258535440856,8.0,0.8,Transformer,classification,imagenet21k,timm,Semantic,input_in1k_vs_in21k
vit_base_patch16_224_in21k_classification,wrsa,5,5,0,0.47993608713150027,0.49100810289382935,0.026867460255031547,0.060077467513024396,0.3252994239330292,8.0,0.8,Transformer,classification,imagenet21k,timm,Semantic,input_in1k_vs_in21k
vit_base_patch32_224_classification,crsa,5,5,0,0.23159661889076233,0.23658616840839386,0.011515872152864976,0.02575027295400294,0.23015531599521638,6.0,0.6,Transformer,classification,imagenet,timm,Semantic,input_in1k_vs_in21k
vit_base_patch32_224_classification,srpr,5,5,0,0.4044981987581888,0.40433913813995437,0.005981259854212318,0.013374503625109216,0.4039950998986955,8.0,0.8,Transformer,classification,imagenet,timm,Semantic,input_in1k_vs_in21k
vit_base_patch32_224_classification,wrsa,5,5,0,0.48293126821517945,0.49380865693092346,0.02757118924750057,0.061651053377922566,0.32738311886787413,8.0,0.8,Transformer,classification,imagenet,timm,Semantic,input_in1k_vs_in21k
vit_base_patch32_224_in21k_classification,crsa,5,5,0,0.2299443006515503,0.23620741069316864,0.01286618907474922,0.028769673382504385,0.22972216010093688,6.0,0.6,Transformer,classification,imagenet21k,timm,Semantic,input_in1k_vs_in21k
vit_base_patch32_224_in21k_classification,srpr,5,5,0,0.4010443761726254,0.402475048857849,0.006129630248438209,0.013706269912446759,0.40087630178666256,8.0,0.8,Transformer,classification,imagenet21k,timm,Semantic,input_in1k_vs_in21k
vit_base_patch32_224_in21k_classification,wrsa,5,5,0,0.4630624532699585,0.4671704173088074,0.02478643626502686,0.05542415640856606,0.3226013720035553,4.0,0.4,Transformer,classification,imagenet21k,timm,Semantic,input_in1k_vs_in21k
vit_large_patch16_224_classification,crsa,5,5,0,0.1407775714993477,0.14501416683197021,0.007664259060879951,0.017137804257296267,0.1549468606710434,6.0,0.5454545454545454,Transformer,classification,imagenet,timm,Semantic,input_in1k_vs_in21k
vit_large_patch16_224_classification,srpr,5,5,0,0.40943320339356193,0.4075736646461293,0.00547129960319407,0.01223419783800956,0.41125179970669096,7.0,0.6363636363636364,Transformer,classification,imagenet,timm,Semantic,input_in1k_vs_in21k
vit_large_patch16_224_classification,wrsa,5,5,0,0.5002475678920746,0.5017431974411011,0.025441055200948026,0.05688792884864436,0.3343972206115723,7.0,0.6363636363636364,Transformer,classification,imagenet,timm,Semantic,input_in1k_vs_in21k
vit_large_patch16_224_in21k_classification,crsa,5,5,0,0.1728526085615158,0.1775381863117218,0.010207916907474803,0.02282559611378309,0.16368769705295563,11.0,1.0,Transformer,classification,imagenet21k,timm,Semantic,input_in1k_vs_in21k
vit_large_patch16_224_in21k_classification,srpr,5,5,0,0.40695302316995285,0.4057649978080986,0.005426513147022538,0.012134052277538698,0.40867089602123086,7.0,0.6363636363636364,Transformer,classification,imagenet21k,timm,Semantic,input_in1k_vs_in21k
vit_large_patch16_224_in21k_classification,wrsa,5,5,0,0.48043972849845884,0.47453194856643677,0.024587363075440013,0.05497901522415217,0.33341245651245116,4.0,0.36363636363636365,Transformer,classification,imagenet21k,timm,Semantic,input_in1k_vs_in21k
vit_small_patch16_224_classification,crsa,5,5,0,0.20046043395996094,0.20737121999263763,0.007435310610310071,0.016625859958478765,0.20311518609523774,1.0,0.1,Transformer,classification,imagenet,timm,Semantic,input_in1k_vs_in21k
vit_small_patch16_224_classification,srpr,5,5,0,0.4002699117259817,0.4000019350968045,0.005618285412081509,0.012562868098409662,0.40091092823004004,7.0,0.7,Transformer,classification,imagenet,timm,Semantic,input_in1k_vs_in21k
vit_small_patch16_224_classification,wrsa,5,5,0,0.4686827421188354,0.47712260484695435,0.022673183310752437,0.05069877914915619,0.3264452040195465,7.0,0.7,Transformer,classification,imagenet,timm,Semantic,input_in1k_vs_in21k
vit_small_patch16_224_in21k_classification,crsa,5,5,0,0.17597783207893372,0.17544570565223694,0.011534929985156567,0.025792887562510722,0.19013615250587462,10.0,1.0,Transformer,classification,imagenet21k,timm,Semantic,input_in1k_vs_in21k
vit_small_patch16_224_in21k_classification,srpr,5,5,0,0.39524737465951737,0.39589224152693053,0.005388963909646917,0.012050089630263555,0.39580673398788646,4.0,0.4,Transformer,classification,imagenet21k,timm,Semantic,input_in1k_vs_in21k
vit_small_patch16_224_in21k_classification,wrsa,5,5,0,0.4695413887500763,0.47599583864212036,0.02329046245893182,0.05207905728557846,0.3247886419296265,4.0,0.4,Transformer,classification,imagenet21k,timm,Semantic,input_in1k_vs_in21k
vit_small_patch32_224_classification,crsa,5,5,0,0.18765251636505126,0.1948542445898056,0.006695650361700143,0.014971929362332576,0.18932621777057648,6.0,0.6,Transformer,classification,imagenet,timm,Semantic,input_in1k_vs_in21k
vit_small_patch32_224_classification,srpr,5,5,0,0.3954458020864551,0.39793852610625846,0.005381646724173544,0.01203372790614112,0.3964309242187445,4.0,0.4,Transformer,classification,imagenet,timm,Semantic,input_in1k_vs_in21k
vit_small_patch32_224_classification,wrsa,5,5,0,0.46964221596717837,0.47245538234710693,0.02386035684442133,0.05335337987152848,0.31401970982551575,6.0,0.6,Transformer,classification,imagenet,timm,Semantic,input_in1k_vs_in21k
vit_small_patch32_224_in21k_classification,crsa,5,5,0,0.1715097814798355,0.17078155279159546,0.009697263988597583,0.021683741474264943,0.17521146237850188,6.0,0.6,Transformer,classification,imagenet21k,timm,Semantic,input_in1k_vs_in21k
vit_small_patch32_224_in21k_classification,srpr,5,5,0,0.396937873129961,0.39838034712710924,0.00504855579236785,0.011288913939934819,0.39696509675938646,4.0,0.4,Transformer,classification,imagenet21k,timm,Semantic,input_in1k_vs_in21k
vit_small_patch32_224_in21k_classification,wrsa,5,5,0,0.4698443293571472,0.4999661147594452,0.028468106216548564,0.06365662069088693,0.3131661832332611,4.0,0.4,Transformer,classification,imagenet21k,timm,Semantic,input_in1k_vs_in21k
vit_tiny_patch16_224_classification,crsa,5,5,0,0.12021767795085907,0.12746332585811615,0.0069389832625260765,0.015516038269741577,0.1335604280233383,6.0,0.6,Transformer,classification,imagenet,timm,Semantic,arch_transformer_in1k
vit_tiny_patch16_224_classification,srpr,5,5,0,0.3767642699924205,0.37731889209938935,0.004917858036265221,0.01099666487278265,0.3760544788758966,7.0,0.7,Transformer,classification,imagenet,timm,Semantic,arch_transformer_in1k
vit_tiny_patch16_224_classification,wrsa,5,5,0,0.4338748216629028,0.42247626185417175,0.018408403869501138,0.04116244240947471,0.29279824793338777,6.0,0.6,Transformer,classification,imagenet,timm,Semantic,arch_transformer_in1k
xception_classification,crsa,5,5,0,0.2143533170223236,0.20239654183387756,0.01600981123173195,0.035799026221092274,0.21147781610488892,6.0,0.5454545454545454,Convolutional,classification,imagenet,timm,Semantic,arch_cnn_in1k
xception_classification,srpr,5,5,0,0.40113427435590293,0.40083900058824323,0.005614173171813361,0.012553672849630281,0.40389582692259784,2.0,0.18181818181818182,Convolutional,classification,imagenet,timm,Semantic,arch_cnn_in1k
xception_classification,wrsa,5,5,0,0.473202109336853,0.46600762009620667,0.023435299809898474,0.052402923448020874,0.33292160630226136,2.0,0.18181818181818182,Convolutional,classification,imagenet,timm,Semantic,arch_cnn_in1k
xcit_nano_12_p16_224_classification,crsa,5,5,0,0.16477836966514586,0.17083720862865448,0.015840549687730635,0.03542054590272877,0.1618709683418274,8.0,0.7272727272727273,Transformer,classification,imagenet,timm,Semantic,arch_transformer_in1k
xcit_nano_12_p16_224_classification,srpr,5,5,0,0.39779799112695347,0.39639171355333536,0.005571283229117264,0.012457768022210745,0.3985596133501077,6.0,0.5454545454545454,Transformer,classification,imagenet,timm,Semantic,arch_transformer_in1k
xcit_nano_12_p16_224_classification,wrsa,5,5,0,0.409448379278183,0.3721940219402313,0.030273179085956243,0.06769288633122311,0.3222487986087799,9.0,0.8181818181818182,Transformer,classification,imagenet,timm,Semantic,arch_transformer_in1k
xcit_nano_12_p8_224_classification,crsa,5,5,0,0.15524220913648606,0.1494680941104889,0.011647326468311603,0.026044213739277296,0.15846464931964874,7.0,0.7,Transformer,classification,imagenet,timm,Semantic,arch_transformer_in1k
xcit_nano_12_p8_224_classification,srpr,5,5,0,0.3987468189596613,0.4020563375237139,0.005331469167179815,0.011921527477758266,0.40068508984875645,4.0,0.4,Transformer,classification,imagenet,timm,Semantic,arch_transformer_in1k
xcit_nano_12_p8_224_classification,wrsa,5,5,0,0.4261885344982147,0.41719481348991394,0.023759160903995487,0.05312709886968927,0.32423895597457886,4.0,0.4,Transformer,classification,imagenet,timm,Semantic,arch_transformer_in1k
